{
    "skinWeights":[],
    "uvs":[[0.007843,0.984252,0.007843,0.023622,0.745098,0.984252,0.686275,0.984252,0.65098,0.023622,0.709804,0.023622,0.498039,0.055118,0.921569,0.055118,0.886275,0.590551,0.67451,0.984252,0.639216,0.023622,0.992157,0.023622,0.992157,0.984252,0.055118,0.090196,0.984252,0.996078,0.937008,0.090196,0.492063,0.992157,0.007874,0.996078,0.984252,0.298039,0.007874,0.298039,0.984252,0.007843,0.007874,0.007843]],
    "metadata":{
        "generator":"io_three",
        "uvs":1,
        "faces":110,
        "materials":2,
        "type":"Geometry",
        "version":3,
        "normals":98,
        "vertices":330
    },
    "faces":[42,0,1,2,0,0,1,2,0,0,0,42,3,4,5,0,0,1,3,1,1,1,42,6,7,8,0,4,3,1,2,2,2,42,9,10,11,0,3,4,1,3,3,3,42,12,13,14,0,1,0,3,4,4,4,42,15,16,17,0,1,0,2,5,5,5,42,18,19,20,0,2,5,1,6,6,6,42,21,22,23,0,5,2,1,7,7,7,42,24,25,26,0,0,1,2,8,8,8,42,27,28,29,0,6,7,8,9,9,9,42,30,31,32,0,8,7,6,10,10,10,42,33,34,35,0,6,7,8,11,11,11,42,36,37,38,0,8,7,6,12,12,12,42,39,40,41,0,0,1,2,13,13,13,42,42,43,44,0,5,2,1,14,14,14,42,45,46,47,0,5,2,1,15,15,15,42,48,49,50,0,0,1,2,16,16,16,42,51,52,53,0,0,1,2,17,17,17,42,54,55,56,0,5,2,1,18,18,18,42,57,58,59,0,2,5,1,19,19,19,42,60,61,62,0,1,0,2,20,20,20,42,63,64,65,0,0,1,9,21,21,21,42,66,67,68,0,10,9,1,22,22,22,42,69,70,71,0,10,9,1,23,23,23,42,72,73,74,0,0,1,9,24,24,24,42,75,76,77,0,0,1,9,25,25,25,42,78,79,80,0,10,9,1,26,26,26,42,81,82,83,0,9,10,1,27,27,27,42,84,85,86,0,1,0,9,24,24,24,42,87,88,89,0,0,1,3,28,28,28,42,90,91,92,0,4,3,1,29,29,29,42,93,94,95,0,4,3,1,30,30,30,42,96,97,98,0,0,1,3,31,31,31,42,99,100,101,0,5,11,12,32,32,32,42,102,103,104,0,12,2,5,32,32,32,42,105,106,107,0,5,2,1,33,33,33,42,108,109,110,0,0,1,2,34,34,34,42,111,112,113,0,0,1,2,35,35,35,42,114,115,116,0,5,2,1,36,36,36,42,117,118,119,0,12,2,5,37,37,37,42,120,121,122,0,5,11,12,37,37,37,42,123,124,125,0,5,11,12,38,38,38,42,126,127,128,0,12,2,5,38,38,38,42,129,130,131,0,5,2,1,39,39,39,42,132,133,134,0,0,1,2,40,40,40,42,135,136,137,0,0,1,2,41,41,41,42,138,139,140,0,5,2,1,42,42,42,42,141,142,143,0,12,2,5,43,43,43,42,144,145,146,0,5,11,12,43,43,43,42,147,148,149,0,0,1,2,44,44,44,42,150,151,152,0,5,2,1,45,45,45,42,153,154,155,0,12,2,5,46,46,46,42,156,157,158,0,5,11,12,46,46,46,42,159,160,161,0,5,11,12,47,47,47,42,162,163,164,0,12,2,5,47,47,47,42,165,166,167,0,5,2,1,48,48,48,42,168,169,170,0,0,1,2,49,49,49,42,171,172,173,0,0,1,2,50,50,50,42,174,175,176,0,5,2,1,51,51,51,42,177,178,179,0,12,2,5,52,52,52,42,180,181,182,0,5,11,12,52,52,52,42,183,184,185,0,5,11,12,53,53,53,42,186,187,188,0,12,2,5,53,53,53,42,189,190,191,0,5,2,1,54,54,54,42,192,193,194,0,0,1,2,55,55,55,42,195,196,197,0,0,1,2,5,5,5,42,198,199,200,0,5,2,1,56,56,56,42,201,202,203,0,5,2,1,57,57,57,42,204,205,206,1,13,14,15,58,58,58,42,207,208,209,1,15,13,16,59,59,59,42,210,211,212,1,14,13,15,60,60,60,42,213,214,215,1,14,17,13,61,61,61,42,216,217,218,1,18,17,14,62,62,62,42,219,220,221,1,18,19,17,63,63,63,42,222,223,224,1,20,19,18,64,64,64,42,225,226,227,1,20,21,19,65,65,65,42,228,229,230,1,17,14,13,66,66,66,42,231,232,233,1,19,14,17,67,67,67,42,234,235,236,1,19,18,14,68,68,68,42,237,238,239,1,21,18,19,69,69,69,42,240,241,242,1,21,20,18,70,70,70,42,243,244,245,1,13,14,15,71,71,71,42,246,247,248,1,13,15,16,72,72,72,42,249,250,251,1,15,13,16,73,73,73,42,252,253,254,1,14,13,15,74,74,74,42,255,256,257,1,14,17,13,75,75,75,42,258,259,260,1,18,17,14,76,76,76,42,261,262,263,1,18,19,17,77,77,77,42,264,265,266,1,20,19,18,78,78,78,42,267,268,269,1,20,21,19,78,78,78,42,270,271,272,1,18,17,14,79,79,79,42,273,274,275,1,18,19,17,80,80,80,42,276,277,278,1,20,19,18,81,81,81,42,279,280,281,1,20,21,19,82,82,82,42,282,283,284,1,14,13,15,83,83,83,42,285,286,287,1,14,17,13,84,84,84,42,288,289,290,1,17,14,13,85,85,85,42,291,292,293,1,19,14,17,86,86,86,42,294,295,296,1,19,18,14,87,87,87,42,297,298,299,1,21,18,19,88,88,88,42,300,301,302,1,21,20,18,88,88,88,42,303,304,305,1,15,13,16,89,89,89,42,306,307,308,1,13,15,16,90,90,90,42,309,310,311,1,13,14,15,91,91,91,42,312,313,314,1,17,14,13,92,92,92,42,315,316,317,1,19,14,17,93,93,93,42,318,319,320,1,19,18,14,94,94,94,42,321,322,323,1,21,18,19,95,95,95,42,324,325,326,1,21,20,18,96,96,96,42,327,328,329,1,13,15,16,97,97,97],
    "materials":[{
        "shading":"phong",
        "colorSpecular":[0,0,0],
        "mapDiffuseWrap":["repeat","repeat"],
        "mapDiffuse":"TirrisFallCanopyTree06_Branch.png",
        "blending":1,
        "opacity":1,
        "transparent":true,
        "mapDiffuseRepeat":[1,1],
        "depthWrite":true,
        "mapDiffuseAnisotropy":1,
        "visible":true,
        "colorEmissive":[0,0,0],
        "specularCoef":1,
        "DbgIndex":0,
        "depthTest":true,
        "colorDiffuse":[1,1,1],
        "DbgName":"TirrisFallCanopyTree06_Branch",
        "doubleSided":false,
        "DbgColor":15658734,
        "wireframe":false
    },{
        "shading":"phong",
        "colorSpecular":[0,0,0],
        "mapDiffuseWrap":["repeat","repeat"],
        "mapDiffuse":"TirrisFallCanopyTree01_Trunk.png",
        "blending":1,
        "opacity":1,
        "transparent":false,
        "mapDiffuseRepeat":[1,1],
        "depthWrite":true,
        "mapDiffuseAnisotropy":1,
        "visible":true,
        "colorEmissive":[0,0,0],
        "specularCoef":1,
        "DbgIndex":1,
        "depthTest":true,
        "colorDiffuse":[1,1,1],
        "DbgName":"TirrisFallCanopyTree01_Trunk",
        "doubleSided":false,
        "DbgColor":15597568,
        "wireframe":false
    }],
    "influencesPerVertex":2,
    "skinIndices":[],