{
    "uvs":[[0.126807,-0.999164,2.94813,-0.999164,2.94813,1.00789,0.126807,1.00789,0.125397,-0.998664,0.478414,0.999501,0.125397,0.999501,0.478414,-0.998664,-0.486665,0.999501,-0.486666,-0.998664,0.515153,-0.998664,0.515153,0.999501,-0.320372,-0.998664,-0.320372,0.999501,0.466753,0.522081,0.00199771,0.333425,0.863382,0.518531,0.506096,0.593424,0.82483,0.590653,3.13584,0.522081,3.998,0.329449,0.856277,0.665868,3.1444,0.668312,0.77,0.515844,-0.63715,0.671421,0.77,0.671421,0.766083,0.330102,0.753681,0.514972,-0.0120477,0.330102,3.53247,0.518531,3.17518,0.593424,3.49391,0.590653,0.00199771,0.522081,0.00199771,0.668312,0.475319,0.668312,3.998,0.518531,3.998,0.665868,3.52536,0.665868,-0.0627748,0.514972,-0.63715,0.515844,0.769999,0.328122,-0.63715,0.328122,0.716942,0.514972,0.55212,0.669898]],
    "faces":[42,0,1,2,0,0,1,2,0,0,0,42,3,4,5,0,2,3,0,0,0,0,42,6,7,8,0,0,2,1,1,1,1,42,9,10,11,0,2,0,3,1,1,1,42,12,13,14,0,4,5,6,2,2,2,42,15,16,17,0,5,7,4,2,2,2,42,18,19,20,0,4,6,5,2,2,2,42,21,22,23,0,8,7,9,3,3,3,42,24,25,26,0,7,8,5,3,3,3,42,27,28,29,0,0,6,5,4,4,4,42,30,31,32,0,5,4,7,2,2,2,42,33,34,35,0,8,9,7,5,5,5,42,36,37,38,0,10,11,12,6,6,6,42,39,40,41,0,13,12,11,7,7,7,42,42,43,44,0,7,5,8,5,5,5,42,45,46,47,0,8,9,7,8,8,8,42,48,49,50,0,12,11,10,9,9,9,42,51,52,53,0,11,12,13,10,10,10,42,54,55,56,0,7,5,8,8,8,8,42,57,58,59,0,5,0,7,4,11,4,42,60,61,62,0,11,10,12,12,12,12,42,63,64,65,0,12,13,11,13,13,13,42,66,67,68,0,0,5,6,4,4,4,42,69,70,71,0,8,7,9,14,14,14,42,72,73,74,0,11,12,10,15,15,15,42,75,76,77,0,12,11,13,16,16,16,42,78,79,80,0,7,8,5,14,14,14,42,81,82,83,0,5,7,0,11,4,4,42,84,85,86,1,14,15,16,17,17,17,42,87,88,89,1,17,14,16,18,18,18,42,90,91,92,1,17,16,18,19,19,19,42,93,94,95,1,19,16,20,20,20,20,42,96,97,98,1,15,20,16,21,21,21,42,99,100,101,1,21,16,19,22,22,22,42,102,103,104,1,19,22,21,23,23,23,42,105,106,107,1,23,24,25,24,24,24,42,108,109,110,1,26,27,28,25,25,25,42,111,112,113,1,19,20,29,26,26,26,42,114,115,116,1,30,19,29,27,27,27,42,117,118,119,1,30,29,31,28,28,28,42,120,121,122,1,15,14,32,29,29,29,42,123,124,125,1,33,32,14,30,30,30,42,126,127,128,1,14,34,33,31,31,31,42,129,130,131,1,20,35,29,21,21,21,42,132,133,134,1,35,36,37,32,32,32,42,135,136,137,1,37,29,35,33,33,33,42,138,139,140,1,14,16,15,34,34,34,42,141,142,143,1,17,16,14,35,35,35,42,144,145,146,1,17,18,16,36,36,36,42,147,148,149,1,19,20,16,37,37,37,42,150,151,152,1,15,16,20,38,38,38,42,153,154,155,1,21,19,16,39,39,39,42,156,157,158,1,19,21,22,40,40,40,42,159,160,161,1,38,28,27,41,41,41,42,162,163,164,1,28,27,26,42,42,42,42,165,166,167,1,19,29,20,43,43,43,42,168,169,170,1,30,29,19,44,44,44,42,171,172,173,1,30,31,29,45,45,45,42,174,175,176,1,15,32,14,46,46,46,42,177,178,179,1,33,14,32,47,47,47,42,180,181,182,1,14,33,34,48,48,48,42,183,184,185,1,20,29,35,49,49,49,42,186,187,188,1,35,37,36,50,50,50,42,189,190,191,1,37,35,29,51,51,51,42,192,193,194,1,39,40,41,52,52,52,42,195,196,197,1,27,28,38,53,53,53,42,198,199,200,1,42,28,26,2,54,2,42,201,202,203,1,28,42,38,2,2,2,42,204,205,206,1,43,38,42,2,2,2,42,207,208,209,1,27,26,28,55,55,55,42,210,211,212,1,28,38,27,56,56,56,42,213,214,215,1,42,26,28,2,2,2,42,216,217,218,1,28,38,42,2,2,2,42,219,220,221,1,43,42,38,2,2,2,42,222,223,224,1,27,28,26,57,57,57,42,225,226,227,1,28,27,38,58,58,58,42,228,229,230,1,42,26,28,4,4,11,42,231,232,233,1,40,39,23,52,52,52,42,234,235,236,1,24,23,39,59,59,59,42,237,238,239,1,23,24,25,60,60,60,42,240,241,242,1,39,41,40,61,61,61,42,243,244,245,1,40,23,39,61,61,61,42,246,247,248,1,24,39,23,62,62,62,42,249,250,251,1,23,25,24,63,63,63,42,252,253,254,1,28,38,42,4,4,11,42,255,256,257,1,43,42,38,4,11,4,42,258,259,260,1,42,28,26,4,4,4,42,261,262,263,1,28,42,38,4,4,11,42,264,265,266,1,43,38,42,4,4,4,42,267,268,269,1,39,41,40,64,64,64,42,270,271,272,1,40,23,39,64,64,64,42,273,274,275,1,24,39,23,65,65,65,42,276,277,278,1,23,25,24,66,66,66,42,279,280,281,1,39,40,41,67,67,67,42,282,283,284,1,40,39,23,67,67,67,42,285,286,287,1,24,23,39,68,68,68],
    "normals":[-0.995605,0.0933256,0,0.995605,0.0933256,-0.000824,0,0,-1,-0.99588,0.0904263,-0.00122074,0,0,1,-0.99588,0.0904263,0,-0.000518815,3.05185e-05,-0.999969,-0.00061037,0,-0.999969,0.99588,0.0904263,0.00122074,0.000518815,3.05185e-05,-0.999969,0.00061037,0,-0.999969,0,0,0.999969,-0.00238044,0.00021363,0.999969,-0.00283822,0,0.999969,0.99588,0.0904263,0,0.00238044,0.00021363,0.999969,0.00283822,0,0.999969,-0.965789,0.259102,-0.00964385,-0.154759,0.987945,-0.00152593,-0.153356,0.988159,0.000976592,-0.970855,0.239662,0.00109867,-0.97705,0.212867,0,-0.153356,0.988159,0.000152593,-0.147771,0.989013,0.0013123,0.234687,0.972045,-0.000579852,-0.00061037,0.000122074,-0.999969,-0.982238,0.187231,-0.00979644,-0.147771,0.989013,-0.00146489,-0.147618,0.989013,-0.00119022,-0.977294,0.211554,0.00881985,-0.401227,0.915952,0.00360118,-0.143864,0.911527,0.385205,-0.369976,0.854335,-0.36491,-0.147649,0.989013,0,0.971831,0.23545,-0.00967437,0.155095,0.987884,-0.00152593,0.151372,0.988433,0.00515763,0.970824,0.239662,0.00109867,0.981262,0.192511,-0.000824,0.151372,0.988464,0.000152593,0.145848,0.989288,0.0013123,-0.000488296,0.0011597,-0.999969,0.00061037,0.000122074,-0.999969,0.982238,0.187231,-0.00979644,0.145848,0.989288,-0.00143437,0.145695,0.989319,-0.00119022,0.977355,0.211554,-0.000488296,0.402417,0.915433,-0.000183111,0.14423,0.911863,0.384289,0.97705,0.212867,0,0.368969,0.851985,-0.37141,0.145695,0.989319,0,-0.978423,0.206488,-0.00122074,0.000488296,0.0011597,-0.999969,0,0,-0.999969,-0.00283822,0.000579852,0.999969,-0.00183111,0.00814844,0.999939,0.00283822,0.000579852,0.999969,0.00183111,0.00814844,0.999939,-0.232612,0.972564,-0.000274667,-0.231819,0.972747,-0.000885037,0.978423,0.206488,0.00122074,0.232856,0.972503,0.000274667,0.231819,0.972747,-0.000488296,-0.978423,0.206488,0,-0.233406,0.97235,0,-0.233497,0.97235,-6.1037e-05,0.978423,0.206488,0,0.233924,0.972228,0],